{"arc_challenge": {"alias": "arc_challenge", "acc,none": 0.18003412969283278, "acc_stderr,none": 0.01122785672905012, "acc_norm,none": 0.22013651877133106, "acc_norm_stderr,none": 0.01210812488346088}, "arc_easy": {"alias": "arc_easy", "acc,none": 0.3813131313131313, "acc_stderr,none": 0.00996654249717114, "acc_norm,none": 0.369949494949495, "acc_norm_stderr,none": 0.00990665626602126}, "lambada_openai": {"alias": "lambada_openai", "perplexity,none": 3252.258728983056, "perplexity_stderr,none": 165.9658233862819, "acc,none": 0.07044440131961964, "acc_stderr,none": 0.0035651105353601844}, "sciq": {"alias": "sciq", "acc,none": 0.575, "acc_stderr,none": 0.01564032031704017, "acc_norm,none": 0.532, "acc_norm_stderr,none": 0.015786868759359002}}