{"arc_challenge": {"alias": "arc_challenge", "acc,none": 0.18430034129692832, "acc_stderr,none": 0.01133051793303744, "acc_norm,none": 0.22610921501706485, "acc_norm_stderr,none": 0.012224202097063337}, "arc_easy": {"alias": "arc_easy", "acc,none": 0.38341750841750843, "acc_stderr,none": 0.009976995068264598, "acc_norm,none": 0.37163299663299665, "acc_norm_stderr,none": 0.009915897123658517}, "lambada_openai": {"alias": "lambada_openai", "perplexity,none": 1504.8155242710995, "perplexity_stderr,none": 84.25541009977954, "acc,none": 0.14341160489035512, "acc_stderr,none": 0.0048830403609194115}, "sciq": {"alias": "sciq", "acc,none": 0.6, "acc_stderr,none": 0.015499685165842571, "acc_norm,none": 0.554, "acc_norm_stderr,none": 0.01572677116675039}}