{
    "arc_challenge": {
        "alias": "arc_challenge",
        "acc,none": 0.1962457337883959,
        "acc_stderr,none": 0.011606019881416319,
        "acc_norm,none": 0.23720136518771331,
        "acc_norm_stderr,none": 0.01243039982926071
    },
    "arc_easy": {
        "alias": "arc_easy",
        "acc,none": 0.4225589225589226,
        "acc_stderr,none": 0.010135978222980905,
        "acc_norm,none": 0.4086700336700337,
        "acc_norm_stderr,none": 0.010087174498762844
    },
    "lambada_openai": {
        "alias": "lambada_openai",
        "perplexity,none": 1266.5729848426881,
        "perplexity_stderr,none": 65.02892716334398,
        "acc,none": 0.10828643508635746,
        "acc_stderr,none": 0.00432924124841804
    },
    "sciq": {
        "alias": "sciq",
        "acc,none": 0.649,
        "acc_stderr,none": 0.015100563798316508,
        "acc_norm,none": 0.615,
        "acc_norm_stderr,none": 0.015395194445410945
    }
}