{"arc_challenge": {"alias": "arc_challenge", "acc,none": 0.18430034129692832, "acc_stderr,none": 0.01133051793303744, "acc_norm,none": 0.22184300341296928, "acc_norm_stderr,none": 0.012141659068148035}, "arc_easy": {"alias": "arc_easy", "acc,none": 0.38425925925925924, "acc_stderr,none": 0.00998112072460138, "acc_norm,none": 0.36784511784511786, "acc_norm_stderr,none": 0.009894923464455033}, "lambada_openai": {"alias": "lambada_openai", "perplexity,none": 1920.7304463256314, "perplexity_stderr,none": 103.19856096147, "acc,none": 0.12419949543954978, "acc_stderr,none": 0.004594884340915232}, "sciq": {"alias": "sciq", "acc,none": 0.581, "acc_stderr,none": 0.015610338967577953, "acc_norm,none": 0.537, "acc_norm_stderr,none": 0.015775927227262426}}