{"arc_challenge": {"alias": "arc_challenge", "acc,none": 0.21331058020477817, "acc_stderr,none": 0.011970971742326334, "acc_norm,none": 0.23464163822525597, "acc_norm_stderr,none": 0.01238387356076873}, "arc_easy": {"alias": "arc_easy", "acc,none": 0.4452861952861953, "acc_stderr,none": 0.01019817113787389, "acc_norm,none": 0.43476430976430974, "acc_norm_stderr,none": 0.010172083670402681}, "lambada_openai": {"alias": "lambada_openai", "perplexity,none": 955.7413271081812, "perplexity_stderr,none": 48.883936913648974, "acc,none": 0.12167669318843392, "acc_stderr,none": 0.004554523797198476}, "sciq": {"alias": "sciq", "acc,none": 0.671, "acc_stderr,none": 0.014865395385928355, "acc_norm,none": 0.634, "acc_norm_stderr,none": 0.0152406127264056}}