{"arc_challenge": {"alias": "arc_challenge", "acc,none": 0.19368600682593856, "acc_stderr,none": 0.011548425409978568, "acc_norm,none": 0.23378839590443687, "acc_norm_stderr,none": 0.01236822537850722}, "arc_easy": {"alias": "arc_easy", "acc,none": 0.46296296296296297, "acc_stderr,none": 0.010231597249131157, "acc_norm,none": 0.4431818181818182, "acc_norm_stderr,none": 0.010193324837773436}, "lambada_openai": {"alias": "lambada_openai", "perplexity,none": 583.6375227076126, "perplexity_stderr,none": 28.510828846369556, "acc,none": 0.14903939452745973, "acc_stderr,none": 0.004961549622028712}, "sciq": {"alias": "sciq", "acc,none": 0.687, "acc_stderr,none": 0.014671272822977775, "acc_norm,none": 0.64, "acc_norm_stderr,none": 0.015186527932039985}}