{"arc_challenge": {"alias": "arc_challenge", "acc,none": 0.17747440273037543, "acc_stderr,none": 0.011165138769643989, "acc_norm,none": 0.24744027303754265, "acc_norm_stderr,none": 0.01261035266329266}, "arc_easy": {"alias": "arc_easy", "acc,none": 0.42634680134680136, "acc_stderr,none": 0.010147858603835226, "acc_norm,none": 0.40025252525252525, "acc_norm_stderr,none": 0.010053550119896153}, "lambada_openai": {"alias": "lambada_openai", "perplexity,none": 1003.8911390656874, "perplexity_stderr,none": 50.44295387197047, "acc,none": 0.12070638463031244, "acc_stderr,none": 0.00453883247763703}, "sciq": {"alias": "sciq", "acc,none": 0.631, "acc_stderr,none": 0.015266698139154782, "acc_norm,none": 0.607, "acc_norm_stderr,none": 0.015452824654081525}}